date,service_line,volume,forecast,sub_stream,stream,business_unit,year,month
2023-01-01,service_line_1,138.19515684227062,102.37749019872184,sub_stream_1,stream_A,Commercial,2023,January
2023-02-01,service_line_1,106.08783403065813,96.95697989849673,sub_stream_1,stream_A,Commercial,2023,February
2023-03-01,service_line_1,156.00696146036407,184.91580825871884,sub_stream_1,stream_A,Commercial,2023,March
2023-04-01,service_line_1,314.0062803166247,326.8211197176183,sub_stream_1,stream_A,Commercial,2023,April
2023-05-01,service_line_1,456.29213836972787,355.36067467166987,sub_stream_1,stream_A,Commercial,2023,May
2023-06-01,service_line_1,279.4741211146174,287.9853752252318,sub_stream_1,stream_A,Commercial,2023,June
2023-07-01,service_line_1,499.53285179673526,541.137478230195,sub_stream_1,stream_A,Commercial,2023,July
2023-08-01,service_line_1,1067.8920077589878,891.9783830852575,sub_stream_1,stream_A,Commercial,2023,August
2023-09-01,service_line_1,561.1717411860319,578.2619650317362,sub_stream_1,stream_A,Commercial,2023,September
2023-10-01,service_line_1,979.7020192933236,989.548188279918,sub_stream_1,stream_A,Commercial,2023,October
2023-11-01,service_line_1,503.6254682647871,400.1473576128499,sub_stream_1,stream_A,Commercial,2023,November
2023-12-01,service_line_1,452.7159158848734,485.5415235705225,sub_stream_1,stream_A,Commercial,2023,December
2024-01-01,service_line_1,693.1562233109144,773.7550914840659,sub_stream_1,stream_A,Commercial,2024,January
2024-02-01,service_line_1,296.7637449634173,369.79039708088237,sub_stream_1,stream_A,Commercial,2024,February
2024-03-01,service_line_1,111.83871342694987,137.97296700861767,sub_stream_1,stream_A,Commercial,2024,March
2024-04-01,service_line_1,79.7192189108847,60.250489534396465,sub_stream_1,stream_A,Commercial,2024,April
2024-05-01,service_line_1,46.29361536885534,38.282928072535746,sub_stream_1,stream_A,Commercial,2024,May
2024-06-01,service_line_1,42.80453529989018,47.3063275751811,sub_stream_1,stream_A,Commercial,2024,June
2024-07-01,service_line_1,31.63827369462848,34.965699985421175,sub_stream_1,stream_A,Commercial,2024,July
2024-08-01,service_line_1,16.445581139350082,18.17517800606309,sub_stream_1,stream_A,Commercial,2024,August
2024-09-01,service_line_1,46.3598323070416,100.12640134787611,sub_stream_1,stream_A,Commercial,2024,September
2024-10-01,service_line_1,35.90384754478659,40.07867765934387,sub_stream_1,stream_A,Commercial,2024,October
2024-11-01,service_line_1,24.36814817996599,30.66975154126818,sub_stream_1,stream_A,Commercial,2024,November
2024-12-01,service_line_1,18.14377649193915,21.94035442286051,sub_stream_1,stream_A,Commercial,2024,December
2025-01-01,service_line_1,,13.657693601774143,sub_stream_1,stream_A,Commercial,2025,January
2025-02-01,service_line_1,,11.261573411664918,sub_stream_1,stream_A,Commercial,2025,February
2025-03-01,service_line_1,,10.11095224145793,sub_stream_1,stream_A,Commercial,2025,March
2023-01-01,service_line_2,157.54752629372388,135.60241254704465,sub_stream_1,stream_A,Commercial,2023,January
2023-02-01,service_line_2,144.12069896228772,137.09184953253762,sub_stream_1,stream_A,Commercial,2023,February
2023-03-01,service_line_2,139.82559224490268,126.51942786222664,sub_stream_1,stream_A,Commercial,2023,March
2023-04-01,service_line_2,332.923200413408,339.64869518775504,sub_stream_1,stream_A,Commercial,2023,April
2023-05-01,service_line_2,336.6117900674123,533.2179796882117,sub_stream_1,stream_A,Commercial,2023,May
2023-06-01,service_line_2,340.6032018328766,235.26632463097187,sub_stream_1,stream_A,Commercial,2023,June
2023-07-01,service_line_2,560.8091791320182,645.08410491419,sub_stream_1,stream_A,Commercial,2023,July
2023-08-01,service_line_2,872.8826456830031,633.8428926410485,sub_stream_1,stream_A,Commercial,2023,August
2023-09-01,service_line_2,574.1718420376899,524.7535521428703,sub_stream_1,stream_A,Commercial,2023,September
2023-10-01,service_line_2,739.6923967159731,921.7134833401838,sub_stream_1,stream_A,Commercial,2023,October
2023-11-01,service_line_2,876.7939907496805,885.605916855109,sub_stream_1,stream_A,Commercial,2023,November
2023-12-01,service_line_2,774.4476201272552,621.5087731894271,sub_stream_1,stream_A,Commercial,2023,December
2024-01-01,service_line_2,656.8667175982696,571.0524905034375,sub_stream_1,stream_A,Commercial,2024,January
2024-02-01,service_line_2,312.92064070628214,359.9444141260527,sub_stream_1,stream_A,Commercial,2024,February
2024-03-01,service_line_2,116.17658562839837,99.99411392419123,sub_stream_1,stream_A,Commercial,2024,March
2024-04-01,service_line_2,71.70901005402058,74.63551027089491,sub_stream_1,stream_A,Commercial,2024,April
2024-05-01,service_line_2,52.8524418577868,53.38361772926385,sub_stream_1,stream_A,Commercial,2024,May
2024-06-01,service_line_2,78.25367344412669,68.7141931040373,sub_stream_1,stream_A,Commercial,2024,June
2024-07-01,service_line_2,36.276538660161236,55.766381983622935,sub_stream_1,stream_A,Commercial,2024,July
2024-08-01,service_line_2,24.65829371024538,28.081564761582435,sub_stream_1,stream_A,Commercial,2024,August
2024-09-01,service_line_2,22.221492145344428,14.747298820660088,sub_stream_1,stream_A,Commercial,2024,September
2024-10-01,service_line_2,39.507925867909236,41.12027490931409,sub_stream_1,stream_A,Commercial,2024,October
2024-11-01,service_line_2,35.27922704625786,30.978528075728118,sub_stream_1,stream_A,Commercial,2024,November
2024-12-01,service_line_2,16.017940013180947,18.986142005781975,sub_stream_1,stream_A,Commercial,2024,December
2025-01-01,service_line_2,,11.242166871743727,sub_stream_1,stream_A,Commercial,2025,January
2025-02-01,service_line_2,,9.018400270087765,sub_stream_1,stream_A,Commercial,2025,February
2025-03-01,service_line_2,,8.144554800637573,sub_stream_1,stream_A,Commercial,2025,March
2023-01-01,service_line_3,107.40349251314849,127.30588072458544,sub_stream_2,stream_A,Commercial,2023,January
2023-02-01,service_line_3,144.339982909368,113.54185202237903,sub_stream_2,stream_A,Commercial,2023,February
2023-03-01,service_line_3,130.12785479800078,121.33040761127454,sub_stream_2,stream_A,Commercial,2023,March
2023-04-01,service_line_3,110.69943601712664,101.17166676798904,sub_stream_2,stream_A,Commercial,2023,April
2023-05-01,service_line_3,100.12979919637111,87.92351917332675,sub_stream_2,stream_A,Commercial,2023,May
2023-06-01,service_line_3,120.24697585189996,170.63858124790826,sub_stream_2,stream_A,Commercial,2023,June
2023-07-01,service_line_3,128.4189520193716,139.11458996695626,sub_stream_2,stream_A,Commercial,2023,July
2023-08-01,service_line_3,115.50871030418523,89.95827403646753,sub_stream_2,stream_A,Commercial,2023,August
2023-09-01,service_line_3,127.99605301579535,153.2390970815699,sub_stream_2,stream_A,Commercial,2023,September
2023-10-01,service_line_3,130.50544336469386,198.62426760002901,sub_stream_2,stream_A,Commercial,2023,October
2023-11-01,service_line_3,158.40324029933177,195.41860218334142,sub_stream_2,stream_A,Commercial,2023,November
2023-12-01,service_line_3,137.65262710865605,101.97557428679858,sub_stream_2,stream_A,Commercial,2023,December
2024-01-01,service_line_3,128.92113844133863,116.65267003751735,sub_stream_2,stream_A,Commercial,2024,January
2024-02-01,service_line_3,119.19719910153258,153.05223324435704,sub_stream_2,stream_A,Commercial,2024,February
2024-03-01,service_line_3,88.95016483753811,77.32955834159505,sub_stream_2,stream_A,Commercial,2024,March
2024-04-01,service_line_3,94.37727589020393,103.2651882452129,sub_stream_2,stream_A,Commercial,2024,April
2024-05-01,service_line_3,99.4357172019671,115.52782119549117,sub_stream_2,stream_A,Commercial,2024,May
2024-06-01,service_line_3,99.53746126520973,82.3134127627988,sub_stream_2,stream_A,Commercial,2024,June
2024-07-01,service_line_3,94.97527948211454,94.03025966154827,sub_stream_2,stream_A,Commercial,2024,July
2024-08-01,service_line_3,71.56044615724888,37.357828699525854,sub_stream_2,stream_A,Commercial,2024,August
2024-09-01,service_line_3,65.78641965428855,53.86136490585981,sub_stream_2,stream_A,Commercial,2024,September
2024-10-01,service_line_3,61.42829290345656,58.43239970661628,sub_stream_2,stream_A,Commercial,2024,October
2024-11-01,service_line_3,52.321902625179995,40.74833873627597,sub_stream_2,stream_A,Commercial,2024,November
2024-12-01,service_line_3,50.661078296463955,70.46794526398952,sub_stream_2,stream_A,Commercial,2024,December
2025-01-01,service_line_3,,41.09835517702405,sub_stream_2,stream_A,Commercial,2025,January
2025-02-01,service_line_3,,73.20072175207835,sub_stream_2,stream_A,Commercial,2025,February
2025-03-01,service_line_3,,85.46618866214055,sub_stream_2,stream_A,Commercial,2025,March
2023-01-01,service_line_4,107.40349251314849,143.53697970450963,sub_stream_2,stream_A,Commercial,2023,January
2023-02-01,service_line_4,107.40349251314849,80.3661204782862,sub_stream_2,stream_A,Commercial,2023,February
2023-03-01,service_line_4,144.339982909368,181.66630392295122,sub_stream_2,stream_A,Commercial,2023,March
2023-04-01,service_line_4,130.12785479800078,130.12785479800078,sub_stream_2,stream_A,Commercial,2023,April
2023-05-01,service_line_4,110.69943601712664,90.63303261560996,sub_stream_2,stream_A,Commercial,2023,May
2023-06-01,service_line_4,100.12979919637111,109.5594513132359,sub_stream_2,stream_A,Commercial,2023,June
2023-07-01,service_line_4,120.24697585189996,125.15434803070941,sub_stream_2,stream_A,Commercial,2023,July
2023-08-01,service_line_4,128.4189520193716,113.89739300778075,sub_stream_2,stream_A,Commercial,2023,August
2023-09-01,service_line_4,115.50871030418523,116.66959214241908,sub_stream_2,stream_A,Commercial,2023,September
2023-10-01,service_line_4,127.99605301579535,118.15524881185114,sub_stream_2,stream_A,Commercial,2023,October
2023-11-01,service_line_4,130.50544336469386,133.1418282014466,sub_stream_2,stream_A,Commercial,2023,November
2023-12-01,service_line_4,158.40324029933177,180.39410606346956,sub_stream_2,stream_A,Commercial,2023,December
2024-01-01,service_line_4,137.65262710865605,189.56525462511468,sub_stream_2,stream_A,Commercial,2024,January
2024-02-01,service_line_4,128.92113844133863,100.40388357257153,sub_stream_2,stream_A,Commercial,2024,February
2024-03-01,service_line_4,119.19719910153258,183.23679110471335,sub_stream_2,stream_A,Commercial,2024,March
2024-04-01,service_line_4,88.95016483753811,60.2243205910001,sub_stream_2,stream_A,Commercial,2024,April
2024-05-01,service_line_4,94.37727589020393,91.5880058561237,sub_stream_2,stream_A,Commercial,2024,May
2024-06-01,service_line_4,99.4357172019671,112.11345807975506,sub_stream_2,stream_A,Commercial,2024,June
2024-07-01,service_line_4,99.53746126520973,105.6925141217428,sub_stream_2,stream_A,Commercial,2024,July
2024-08-01,service_line_4,94.97527948211454,84.23551635561111,sub_stream_2,stream_A,Commercial,2024,August
2024-09-01,service_line_4,71.56044615724888,68.75452092891317,sub_stream_2,stream_A,Commercial,2024,September
2024-10-01,service_line_4,65.78641965428855,59.52601410181656,sub_stream_2,stream_A,Commercial,2024,October
2024-11-01,service_line_4,61.42829290345656,54.48200836872316,sub_stream_2,stream_A,Commercial,2024,November
2024-12-01,service_line_4,52.321902625179995,62.01740501193761,sub_stream_2,stream_A,Commercial,2024,December
2025-01-01,service_line_4,,54.33442094411802,sub_stream_2,stream_A,Commercial,2025,January
2025-02-01,service_line_4,,47.749476364475754,sub_stream_2,stream_A,Commercial,2025,February
2025-03-01,service_line_4,,95.89034326323859,sub_stream_2,stream_A,Commercial,2025,March
2023-01-01,service_line_5,105.28597971118936,111.79650109617411,sub_stream_3,stream_B,Commercial,2023,January
2023-02-01,service_line_5,103.72997007759979,121.72824753371853,sub_stream_3,stream_B,Commercial,2023,February
2023-03-01,service_line_5,70.6711083416252,80.48226406045222,sub_stream_3,stream_B,Commercial,2023,March
2023-04-01,service_line_5,70.29734721017687,59.30739854128617,sub_stream_3,stream_B,Commercial,2023,April
2023-05-01,service_line_5,71.14927287078716,63.73794733917835,sub_stream_3,stream_B,Commercial,2023,May
2023-06-01,service_line_5,116.44610259838646,135.29106943105631,sub_stream_3,stream_B,Commercial,2023,June
2023-07-01,service_line_5,112.0512475841794,126.33742886670338,sub_stream_3,stream_B,Commercial,2023,July
2023-08-01,service_line_5,119.01693606101924,119.01693606101924,sub_stream_3,stream_B,Commercial,2023,August
2023-09-01,service_line_5,118.19353982699982,120.58120771401096,sub_stream_3,stream_B,Commercial,2023,September
2023-10-01,service_line_5,93.55858722141424,121.33894663339595,sub_stream_3,stream_B,Commercial,2023,October
2023-11-01,service_line_5,117.58393326840076,104.28759344533111,sub_stream_3,stream_B,Commercial,2023,November
2023-12-01,service_line_5,136.66586577100628,152.55710894044998,sub_stream_3,stream_B,Commercial,2023,December
2024-01-01,service_line_5,160.09147973784422,153.81420303038885,sub_stream_3,stream_B,Commercial,2024,January
2024-02-01,service_line_5,133.4688222344876,128.23543485899444,sub_stream_3,stream_B,Commercial,2024,February
2024-03-01,service_line_5,176.6952984487671,220.1758998012012,sub_stream_3,stream_B,Commercial,2024,March
2024-04-01,service_line_5,133.49400345339276,158.2310899154841,sub_stream_3,stream_B,Commercial,2024,April
2024-05-01,service_line_5,150.1189496699665,176.16621937957814,sub_stream_3,stream_B,Commercial,2024,May
2024-06-01,service_line_5,232.6462600674846,301.72593423179046,sub_stream_3,stream_B,Commercial,2024,June
2024-07-01,service_line_5,190.83550713107206,190.83550713107206,sub_stream_3,stream_B,Commercial,2024,July
2024-08-01,service_line_5,170.4006266402495,196.00737613313183,sub_stream_3,stream_B,Commercial,2024,August
2024-09-01,service_line_5,173.83082651820806,163.70770725848465,sub_stream_3,stream_B,Commercial,2024,September
2024-10-01,service_line_5,157.17933805526548,166.89876550888872,sub_stream_3,stream_B,Commercial,2024,October
2024-11-01,service_line_5,115.26741166689791,111.86074481583827,sub_stream_3,stream_B,Commercial,2024,November
2024-12-01,service_line_5,116.85891386972342,119.21962052396307,sub_stream_3,stream_B,Commercial,2024,December
2025-01-01,service_line_5,,106.53851895118571,sub_stream_3,stream_B,Commercial,2025,January
2025-02-01,service_line_5,,88.51969646508103,sub_stream_3,stream_B,Commercial,2025,February
2025-03-01,service_line_5,,131.54384779317013,sub_stream_3,stream_B,Commercial,2025,March
2023-01-01,service_line_6,94.97940777519536,77.76256205468641,sub_stream_3,stream_B,Commercial,2023,January
2023-02-01,service_line_6,94.97940777519536,74.7134483835699,sub_stream_3,stream_B,Commercial,2023,February
2023-03-01,service_line_6,96.4041539057522,121.33426906302263,sub_stream_3,stream_B,Commercial,2023,March
2023-04-01,service_line_6,141.50054010275105,166.05242206179094,sub_stream_3,stream_B,Commercial,2023,April
2023-05-01,service_line_6,142.25287862003862,160.38967277219663,sub_stream_3,stream_B,Commercial,2023,May
2023-06-01,service_line_6,140.54957410683323,160.06184425704905,sub_stream_3,stream_B,Commercial,2023,June
2023-07-01,service_line_6,85.87663972309336,85.87663972309336,sub_stream_3,stream_B,Commercial,2023,July
2023-08-01,service_line_6,89.24487871040812,74.54358870781591,sub_stream_3,stream_B,Commercial,2023,August
2023-09-01,service_line_6,84.02165549676948,85.71900552907066,sub_stream_3,stream_B,Commercial,2023,September
2023-10-01,service_line_6,84.60699302717411,73.55378616050315,sub_stream_3,stream_B,Commercial,2023,October
2023-11-01,service_line_6,106.88489744222154,130.54950854159628,sub_stream_3,stream_B,Commercial,2023,November
2023-12-01,service_line_6,85.04563269859061,82.53215440015423,sub_stream_3,stream_B,Commercial,2023,December
2024-01-01,service_line_6,73.17116050584085,61.731933708304766,sub_stream_3,stream_B,Commercial,2024,January
2024-02-01,service_line_6,62.464286146741685,58.82664930865924,sub_stream_3,stream_B,Commercial,2024,February
2024-03-01,service_line_6,74.92386485910008,81.1640538620894,sub_stream_3,stream_B,Commercial,2024,March
2024-04-01,service_line_6,56.594601485106885,50.69937588386234,sub_stream_3,stream_B,Commercial,2024,April
2024-05-01,service_line_6,74.90973183294585,63.83386271456929,sub_stream_3,stream_B,Commercial,2024,May
2024-06-01,service_line_6,66.61384203649705,70.02920675152752,sub_stream_3,stream_B,Commercial,2024,June
2024-07-01,service_line_6,42.98371268508362,45.18753476075987,sub_stream_3,stream_B,Commercial,2024,July
2024-08-01,service_line_6,52.40114981920881,47.4145211045284,sub_stream_3,stream_B,Commercial,2024,August
2024-09-01,service_line_6,58.68523019643608,53.6342619913437,sub_stream_3,stream_B,Commercial,2024,September
2024-10-01,service_line_6,57.527195839183,60.47667824129617,sub_stream_3,stream_B,Commercial,2024,October
2024-11-01,service_line_6,63.62159380314938,47.60572075417889,sub_stream_3,stream_B,Commercial,2024,November
2024-12-01,service_line_6,86.75478919313467,65.56785916559006,sub_stream_3,stream_B,Commercial,2024,December
2025-01-01,service_line_6,,74.3938315538328,sub_stream_3,stream_B,Commercial,2025,January
2025-02-01,service_line_6,,101.68031978849865,sub_stream_3,stream_B,Commercial,2025,February
2025-03-01,service_line_6,,102.21876646322403,sub_stream_3,stream_B,Commercial,2025,March
2023-01-01,service_line_7,136.3407227480216,184.0407254326949,sub_stream_4,stream_B,Commercial,2023,January
2023-02-01,service_line_7,116.57168533375358,138.1729841526892,sub_stream_4,stream_B,Commercial,2023,February
2023-03-01,service_line_7,109.2997497142957,106.06945392820808,sub_stream_4,stream_B,Commercial,2023,March
2023-04-01,service_line_7,128.61166930164748,128.61166930164748,sub_stream_4,stream_B,Commercial,2023,April
2023-05-01,service_line_7,100.546940234814,82.3208720981361,sub_stream_4,stream_B,Commercial,2023,May
2023-06-01,service_line_7,105.22665812068223,105.22665812068223,sub_stream_4,stream_B,Commercial,2023,June
2023-07-01,service_line_7,136.6667148030569,128.70786492299243,sub_stream_4,stream_B,Commercial,2023,July
2023-08-01,service_line_7,99.09198660245487,105.21949284426972,sub_stream_4,stream_B,Commercial,2023,August
2023-09-01,service_line_7,102.81953334370075,86.74522274093904,sub_stream_4,stream_B,Commercial,2023,September
2023-10-01,service_line_7,108.30506345576968,119.69560641165427,sub_stream_4,stream_B,Commercial,2023,October
2023-11-01,service_line_7,126.6359559015635,172.65864262832665,sub_stream_4,stream_B,Commercial,2023,November
2023-12-01,service_line_7,98.88191288790084,96.92391982675454,sub_stream_4,stream_B,Commercial,2023,December
2024-01-01,service_line_7,75.93175804506194,82.2558915160396,sub_stream_4,stream_B,Commercial,2024,January
2024-02-01,service_line_7,84.28663652258238,96.95270958572915,sub_stream_4,stream_B,Commercial,2024,February
2024-03-01,service_line_7,89.44467379301612,82.56784047555351,sub_stream_4,stream_B,Commercial,2024,March
2024-04-01,service_line_7,94.03986934297282,97.87770921581058,sub_stream_4,stream_B,Commercial,2024,April
2024-05-01,service_line_7,100.78690900217693,100.78690900217693,sub_stream_4,stream_B,Commercial,2024,May
2024-06-01,service_line_7,87.97067601799142,89.74780155661443,sub_stream_4,stream_B,Commercial,2024,June
2024-07-01,service_line_7,92.15337157158822,79.31714196612816,sub_stream_4,stream_B,Commercial,2024,July
2024-08-01,service_line_7,97.71633748197952,97.71633748197952,sub_stream_4,stream_B,Commercial,2024,August
2024-09-01,service_line_7,84.70702028672626,93.61573537773378,sub_stream_4,stream_B,Commercial,2024,September
2024-10-01,service_line_7,123.02079235134767,164.40836849701478,sub_stream_4,stream_B,Commercial,2024,October
2024-11-01,service_line_7,135.2493306560108,163.5501986791936,sub_stream_4,stream_B,Commercial,2024,November
2024-12-01,service_line_7,106.57609844046733,163.83490915803068,sub_stream_4,stream_B,Commercial,2024,December
2025-01-01,service_line_7,,104.6027656010258,sub_stream_4,stream_B,Commercial,2025,January
2025-02-01,service_line_7,,118.5380086225488,sub_stream_4,stream_B,Commercial,2025,February
2025-03-01,service_line_7,,121.832917546477,sub_stream_4,stream_B,Commercial,2025,March
2023-01-01,service_line_8,126.07655499680119,195.7599770285747,sub_stream_4,stream_B,Commercial,2023,January
2023-02-01,service_line_8,106.9918687003121,91.17245638285934,sub_stream_4,stream_B,Commercial,2023,February
2023-03-01,service_line_8,129.72645795040415,109.44564835442618,sub_stream_4,stream_B,Commercial,2023,March
2023-04-01,service_line_8,140.89067701896417,124.95882079103569,sub_stream_4,stream_B,Commercial,2023,April
2023-05-01,service_line_8,166.0678236894343,109.11433542875035,sub_stream_4,stream_B,Commercial,2023,May
2023-06-01,service_line_8,242.6827119182823,217.4034573827309,sub_stream_4,stream_B,Commercial,2023,June
2023-07-01,service_line_8,231.0599624827065,198.87515274134012,sub_stream_4,stream_B,Commercial,2023,July
2023-08-01,service_line_8,198.72660219772428,204.77872825182192,sub_stream_4,stream_B,Commercial,2023,August
2023-09-01,service_line_8,166.3388771168645,178.39980656847695,sub_stream_4,stream_B,Commercial,2023,September
2023-10-01,service_line_8,141.29714424343126,206.6166365582343,sub_stream_4,stream_B,Commercial,2023,October
2023-11-01,service_line_8,139.13500726168496,168.24895155123127,sub_stream_4,stream_B,Commercial,2023,November
2023-12-01,service_line_8,148.9596005563364,132.1153139786392,sub_stream_4,stream_B,Commercial,2023,December
2024-01-01,service_line_8,157.43509716446715,131.50084689211863,sub_stream_4,stream_B,Commercial,2024,January
2024-02-01,service_line_8,185.75896414920553,205.2954049495588,sub_stream_4,stream_B,Commercial,2024,February
2024-03-01,service_line_8,186.24263633544857,143.60268009068452,sub_stream_4,stream_B,Commercial,2024,March
2024-04-01,service_line_8,249.0757670337854,360.5956096086292,sub_stream_4,stream_B,Commercial,2024,April
2024-05-01,service_line_8,236.23469207102806,300.3131515717331,sub_stream_4,stream_B,Commercial,2024,May
2024-06-01,service_line_8,407.0188920285589,371.98725841944287,sub_stream_4,stream_B,Commercial,2024,June
2024-07-01,service_line_8,461.2743898493431,328.32142134519273,sub_stream_4,stream_B,Commercial,2024,July
2024-08-01,service_line_8,388.6042837371808,509.0577970983631,sub_stream_4,stream_B,Commercial,2024,August
2024-09-01,service_line_8,313.68304358886803,307.4717031646335,sub_stream_4,stream_B,Commercial,2024,September
2024-10-01,service_line_8,345.46023545419257,443.57972277811484,sub_stream_4,stream_B,Commercial,2024,October
2024-11-01,service_line_8,330.360666609136,239.89107994524676,sub_stream_4,stream_B,Commercial,2024,November
2024-12-01,service_line_8,381.07076225517534,337.9794468795002,sub_stream_4,stream_B,Commercial,2024,December
2025-01-01,service_line_8,,418.900160248985,sub_stream_4,stream_B,Commercial,2025,January
2025-02-01,service_line_8,,416.9919128512488,sub_stream_4,stream_B,Commercial,2025,February
2025-03-01,service_line_8,,318.52726774283724,sub_stream_4,stream_B,Commercial,2025,March
2023-01-01,service_line_1,79.88029082582646,85.67226543166501,sub_stream_1,stream_A,Retail,2023,January
2023-02-01,service_line_1,115.01939551307254,90.47746107361618,sub_stream_1,stream_A,Retail,2023,February
2023-03-01,service_line_1,79.14973505836892,62.261386792949146,sub_stream_1,stream_A,Retail,2023,March
2023-04-01,service_line_1,80.47824339361519,76.55327314813697,sub_stream_1,stream_A,Retail,2023,April
2023-05-01,service_line_1,91.22144963405609,61.76210957642576,sub_stream_1,stream_A,Retail,2023,May
2023-06-01,service_line_1,45.58020289580389,82.22615799551409,sub_stream_1,stream_A,Retail,2023,June
2023-07-01,service_line_1,54.80887067186869,65.61813162145896,sub_stream_1,stream_A,Retail,2023,July
2023-08-01,service_line_1,92.30188802013309,111.61602095135062,sub_stream_1,stream_A,Retail,2023,August
2023-09-01,service_line_1,32.275269772123124,27.77958213413693,sub_stream_1,stream_A,Retail,2023,September
2023-10-01,service_line_1,21.449430176573443,22.775788864058573,sub_stream_1,stream_A,Retail,2023,October
2023-11-01,service_line_1,11.84859823170378,13.22633037172869,sub_stream_1,stream_A,Retail,2023,November
2023-12-01,service_line_1,9.41492869371845,7.044848132859567,sub_stream_1,stream_A,Retail,2023,December
2024-01-01,service_line_1,6.222461413270394,7.086315671574563,sub_stream_1,stream_A,Retail,2024,January
2024-02-01,service_line_1,7.6040953607767,7.23323925388017,sub_stream_1,stream_A,Retail,2024,February
2024-03-01,service_line_1,4.522472000792224,4.477472652519609,sub_stream_1,stream_A,Retail,2024,March
2024-04-01,service_line_1,7.175772662300754,6.6240730425241745,sub_stream_1,stream_A,Retail,2024,April
2024-05-01,service_line_1,5.0076643965730785,5.16017048196633,sub_stream_1,stream_A,Retail,2024,May
2024-06-01,service_line_1,14.515631133763929,18.26937348908792,sub_stream_1,stream_A,Retail,2024,June
2024-07-01,service_line_1,25.69921408294623,30.767545318687773,sub_stream_1,stream_A,Retail,2024,July
2024-08-01,service_line_1,49.91066834373632,57.987923559207374,sub_stream_1,stream_A,Retail,2024,August
2024-09-01,service_line_1,16.96289207175473,14.895038023406443,sub_stream_1,stream_A,Retail,2024,September
2024-10-01,service_line_1,5.910286439831838,5.910286439831838,sub_stream_1,stream_A,Retail,2024,October
2024-11-01,service_line_1,5.037994299750896,4.293095551379903,sub_stream_1,stream_A,Retail,2024,November
2024-12-01,service_line_1,3.1294537478650617,3.3563647474419476,sub_stream_1,stream_A,Retail,2024,December
2025-01-01,service_line_1,,4.065652792229116,sub_stream_1,stream_A,Retail,2025,January
2025-02-01,service_line_1,,2.0782769237726413,sub_stream_1,stream_A,Retail,2025,February
2025-03-01,service_line_1,,2.0586792840813906,sub_stream_1,stream_A,Retail,2025,March
2023-01-01,service_line_2,95.32399636568833,59.57771395032714,sub_stream_1,stream_A,Retail,2023,January
2023-02-01,service_line_2,100.07140298040626,110.59600430497369,sub_stream_1,stream_A,Retail,2023,February
2023-03-01,service_line_2,90.11304701165952,81.53765678938304,sub_stream_1,stream_A,Retail,2023,March
2023-04-01,service_line_2,49.36518322699255,48.387687106642986,sub_stream_1,stream_A,Retail,2023,April
2023-05-01,service_line_2,58.35997733702817,58.35997733702817,sub_stream_1,stream_A,Retail,2023,May
2023-06-01,service_line_2,49.48629593828328,36.66034970512794,sub_stream_1,stream_A,Retail,2023,June
2023-07-01,service_line_2,68.87795677693975,82.46188578970582,sub_stream_1,stream_A,Retail,2023,July
2023-08-01,service_line_2,48.26648828497622,60.143747919077285,sub_stream_1,stream_A,Retail,2023,August
2023-09-01,service_line_2,50.751131164981565,40.728736777757085,sub_stream_1,stream_A,Retail,2023,September
2023-10-01,service_line_2,16.57030646125584,19.445434767949557,sub_stream_1,stream_A,Retail,2023,October
2023-11-01,service_line_2,14.122130330451254,12.155030219533634,sub_stream_1,stream_A,Retail,2023,November
2023-12-01,service_line_2,10.01860815607485,16.19081618663351,sub_stream_1,stream_A,Retail,2023,December
2024-01-01,service_line_2,9.994916124547698,11.046090629455474,sub_stream_1,stream_A,Retail,2024,January
2024-02-01,service_line_2,6.144560508466341,5.9036288447668905,sub_stream_1,stream_A,Retail,2024,February
2024-03-01,service_line_2,5.270145413143289,3.7138087037277834,sub_stream_1,stream_A,Retail,2024,March
2024-04-01,service_line_2,9.83149231874203,6.997764460949134,sub_stream_1,stream_A,Retail,2024,April
2024-05-01,service_line_2,7.292734458886117,8.90736598261322,sub_stream_1,stream_A,Retail,2024,May
2024-06-01,service_line_2,12.160983882293772,11.114302413609051,sub_stream_1,stream_A,Retail,2024,June
2024-07-01,service_line_2,28.132307614733392,25.455164585508722,sub_stream_1,stream_A,Retail,2024,July
2024-08-01,service_line_2,41.040188607632594,45.812262550196266,sub_stream_1,stream_A,Retail,2024,August
2024-09-01,service_line_2,17.057452471366823,21.25489460767041,sub_stream_1,stream_A,Retail,2024,September
2024-10-01,service_line_2,7.280978277284904,8.291784720542056,sub_stream_1,stream_A,Retail,2024,October
2024-11-01,service_line_2,5.713163070139333,5.221437896340251,sub_stream_1,stream_A,Retail,2024,November
2024-12-01,service_line_2,1.6235595636333349,1.706801242492595,sub_stream_1,stream_A,Retail,2024,December
2025-01-01,service_line_2,,4.282581997922576,sub_stream_1,stream_A,Retail,2025,January
2025-02-01,service_line_2,,2.157150321119706,sub_stream_1,stream_A,Retail,2025,February
2025-03-01,service_line_2,,2.325929852354129,sub_stream_1,stream_A,Retail,2025,March
2023-01-01,service_line_3,165.21353176152448,201.79226337890884,sub_stream_2,stream_A,Retail,2023,January
2023-02-01,service_line_3,159.64801366600813,153.3881255119464,sub_stream_2,stream_A,Retail,2023,February
2023-03-01,service_line_3,145.67242692881857,164.24520272416962,sub_stream_2,stream_A,Retail,2023,March
2023-04-01,service_line_3,111.45313024665103,147.46695930767132,sub_stream_2,stream_A,Retail,2023,April
2023-05-01,service_line_3,145.12808979772856,184.49396084313096,sub_stream_2,stream_A,Retail,2023,May
2023-06-01,service_line_3,109.48098431643128,81.92063190662581,sub_stream_2,stream_A,Retail,2023,June
2023-07-01,service_line_3,87.89047447257529,106.2815208938666,sub_stream_2,stream_A,Retail,2023,July
2023-08-01,service_line_3,79.73759802243875,63.990921317382856,sub_stream_2,stream_A,Retail,2023,August
2023-09-01,service_line_3,65.27095257217786,82.97564299804982,sub_stream_2,stream_A,Retail,2023,September
2023-10-01,service_line_3,93.0672605918462,80.90878944152826,sub_stream_2,stream_A,Retail,2023,October
2023-11-01,service_line_3,104.00917059563514,149.07940359874829,sub_stream_2,stream_A,Retail,2023,November
2023-12-01,service_line_3,93.19897089361339,71.86121430278104,sub_stream_2,stream_A,Retail,2023,December
2024-01-01,service_line_3,115.66982895774885,115.66982895774885,sub_stream_2,stream_A,Retail,2024,January
2024-02-01,service_line_3,99.50949966691424,98.51936360169134,sub_stream_2,stream_A,Retail,2024,February
2024-03-01,service_line_3,125.4631521700619,82.4351651373117,sub_stream_2,stream_A,Retail,2024,March
2024-04-01,service_line_3,145.79279089986912,119.36504148679057,sub_stream_2,stream_A,Retail,2024,April
2024-05-01,service_line_3,113.25521757590509,105.59846493987743,sub_stream_2,stream_A,Retail,2024,May
2024-06-01,service_line_3,96.68939503333705,89.25556107750822,sub_stream_2,stream_A,Retail,2024,June
2024-07-01,service_line_3,93.4424704897812,97.25593005291856,sub_stream_2,stream_A,Retail,2024,July
2024-08-01,service_line_3,67.59059772807952,89.43113488772904,sub_stream_2,stream_A,Retail,2024,August
2024-09-01,service_line_3,76.86478346892514,84.94872331403788,sub_stream_2,stream_A,Retail,2024,September
2024-10-01,service_line_3,67.70922986769958,81.0626656412158,sub_stream_2,stream_A,Retail,2024,October
2024-11-01,service_line_3,60.51709766498515,48.08286762080676,sub_stream_2,stream_A,Retail,2024,November
2024-12-01,service_line_3,49.294515934479755,47.83764281705164,sub_stream_2,stream_A,Retail,2024,December
2025-01-01,service_line_3,,37.59617415793421,sub_stream_2,stream_A,Retail,2025,January
2025-02-01,service_line_3,,39.49355575666803,sub_stream_2,stream_A,Retail,2025,February
2025-03-01,service_line_3,,52.42985250619016,sub_stream_2,stream_A,Retail,2025,March
2023-01-01,service_line_4,165.21353176152448,149.49138550369983,sub_stream_2,stream_A,Retail,2023,January
2023-02-01,service_line_4,165.21353176152448,170.24503287413629,sub_stream_2,stream_A,Retail,2023,February
2023-03-01,service_line_4,159.64801366600813,137.41031878274984,sub_stream_2,stream_A,Retail,2023,March
2023-04-01,service_line_4,145.67242692881857,130.49833261432488,sub_stream_2,stream_A,Retail,2023,April
2023-05-01,service_line_4,111.45313024665103,82.56650963873177,sub_stream_2,stream_A,Retail,2023,May
2023-06-01,service_line_4,145.12808979772856,148.05987168716604,sub_stream_2,stream_A,Retail,2023,June
2023-07-01,service_line_4,109.48098431643128,81.92063190662581,sub_stream_2,stream_A,Retail,2023,July
2023-08-01,service_line_4,87.89047447257529,105.22400209158135,sub_stream_2,stream_A,Retail,2023,August
2023-09-01,service_line_4,79.73759802243875,82.99175112997592,sub_stream_2,stream_A,Retail,2023,September
2023-10-01,service_line_4,65.27095257217786,63.341904394126516,sub_stream_2,stream_A,Retail,2023,October
2023-11-01,service_line_4,93.0672605918462,78.51757333834777,sub_stream_2,stream_A,Retail,2023,November
2023-12-01,service_line_4,104.00917059563514,97.95214803448287,sub_stream_2,stream_A,Retail,2023,December
2024-01-01,service_line_4,93.19897089361339,108.28175577123662,sub_stream_2,stream_A,Retail,2024,January
2024-02-01,service_line_4,115.66982895774885,78.31505286787073,sub_stream_2,stream_A,Retail,2024,February
2024-03-01,service_line_4,99.50949966691424,96.5685494974037,sub_stream_2,stream_A,Retail,2024,March
2024-04-01,service_line_4,125.4631521700619,98.6928110342033,sub_stream_2,stream_A,Retail,2024,April
2024-05-01,service_line_4,145.79279089986912,215.33315204565477,sub_stream_2,stream_A,Retail,2024,May
2024-06-01,service_line_4,113.25521757590509,95.54944236475949,sub_stream_2,stream_A,Retail,2024,June
2024-07-01,service_line_4,96.68939503333705,84.05772184795995,sub_stream_2,stream_A,Retail,2024,July
2024-08-01,service_line_4,93.4424704897812,88.88522742791952,sub_stream_2,stream_A,Retail,2024,August
2024-09-01,service_line_4,67.59059772807952,72.49146903922794,sub_stream_2,stream_A,Retail,2024,September
2024-10-01,service_line_4,76.86478346892514,50.503761534030225,sub_stream_2,stream_A,Retail,2024,October
2024-11-01,service_line_4,67.70922986769958,69.07704704320675,sub_stream_2,stream_A,Retail,2024,November
2024-12-01,service_line_4,60.51709766498515,48.5661084742818,sub_stream_2,stream_A,Retail,2024,December
2025-01-01,service_line_4,,40.76455020533466,sub_stream_2,stream_A,Retail,2025,January
2025-02-01,service_line_4,,57.21993170671862,sub_stream_2,stream_A,Retail,2025,February
2025-03-01,service_line_4,,53.3107240806323,sub_stream_2,stream_A,Retail,2025,March
2023-01-01,service_line_5,116.21805076345642,117.38606159182548,sub_stream_3,stream_B,Retail,2023,January
2023-02-01,service_line_5,146.23924954674666,150.69289773740485,sub_stream_3,stream_B,Retail,2023,February
2023-03-01,service_line_5,153.38758459710132,169.51949769058456,sub_stream_3,stream_B,Retail,2023,March
2023-04-01,service_line_5,131.99083519171032,105.92512640011495,sub_stream_3,stream_B,Retail,2023,April
2023-05-01,service_line_5,140.45192950892866,168.15148869204992,sub_stream_3,stream_B,Retail,2023,May
2023-06-01,service_line_5,113.13971225115766,138.18915660101194,sub_stream_3,stream_B,Retail,2023,June
2023-07-01,service_line_5,113.96859939389701,107.33158485144352,sub_stream_3,stream_B,Retail,2023,July
2023-08-01,service_line_5,107.45081336714692,117.56991674954023,sub_stream_3,stream_B,Retail,2023,August
2023-09-01,service_line_5,101.78461438943206,87.6068294823329,sub_stream_3,stream_B,Retail,2023,September
2023-10-01,service_line_5,99.19496609289419,123.6045390397597,sub_stream_3,stream_B,Retail,2023,October
2023-11-01,service_line_5,80.91854078412113,73.21812351434166,sub_stream_3,stream_B,Retail,2023,November
2023-12-01,service_line_5,55.138556687333484,73.68868280700318,sub_stream_3,stream_B,Retail,2023,December
2024-01-01,service_line_5,51.07321665872484,48.09894406525128,sub_stream_3,stream_B,Retail,2024,January
2024-02-01,service_line_5,70.84761717465129,95.63428003897594,sub_stream_3,stream_B,Retail,2024,February
2024-03-01,service_line_5,52.44769977840888,57.96367251506008,sub_stream_3,stream_B,Retail,2024,March
2024-04-01,service_line_5,52.3281589343202,52.85406567481703,sub_stream_3,stream_B,Retail,2024,April
2024-05-01,service_line_5,60.921021232138315,61.53328767445946,sub_stream_3,stream_B,Retail,2024,May
2024-06-01,service_line_5,67.25570850873369,56.176689864704876,sub_stream_3,stream_B,Retail,2024,June
2024-07-01,service_line_5,68.4715926240484,61.955659078753996,sub_stream_3,stream_B,Retail,2024,July
2024-08-01,service_line_5,64.03911427476088,76.66873952868549,sub_stream_3,stream_B,Retail,2024,August
2024-09-01,service_line_5,102.67865401887244,110.12369647541182,sub_stream_3,stream_B,Retail,2024,September
2024-10-01,service_line_5,116.00766798819919,87.67670934967477,sub_stream_3,stream_B,Retail,2024,October
2024-11-01,service_line_5,144.76927869115968,178.59868287704697,sub_stream_3,stream_B,Retail,2024,November
2024-12-01,service_line_5,174.33382347209115,164.18141195015266,sub_stream_3,stream_B,Retail,2024,December
2025-01-01,service_line_5,,139.9556030052257,sub_stream_3,stream_B,Retail,2025,January
2025-02-01,service_line_5,,202.49365086059362,sub_stream_3,stream_B,Retail,2025,February
2025-03-01,service_line_5,,159.20498010074067,sub_stream_3,stream_B,Retail,2025,March
2023-01-01,service_line_6,86.04515335017474,86.90992151812686,sub_stream_3,stream_B,Retail,2023,January
2023-02-01,service_line_6,86.04515335017474,100.97492285258744,sub_stream_3,stream_B,Retail,2023,February
2023-03-01,service_line_6,68.38109489069426,58.85615380909932,sub_stream_3,stream_B,Retail,2023,March
2023-04-01,service_line_6,65.19432473147488,69.92144664585092,sub_stream_3,stream_B,Retail,2023,April
2023-05-01,service_line_6,75.76283599899556,58.41705484200105,sub_stream_3,stream_B,Retail,2023,May
2023-06-01,service_line_6,71.19873706942766,68.40699465728913,sub_stream_3,stream_B,Retail,2023,June
2023-07-01,service_line_6,88.38629514808297,83.23907802537408,sub_stream_3,stream_B,Retail,2023,July
2023-08-01,service_line_6,87.74346664942429,94.10558583311405,sub_stream_3,stream_B,Retail,2023,August
2023-09-01,service_line_6,93.06583809497248,91.22301103087331,sub_stream_3,stream_B,Retail,2023,September
2023-10-01,service_line_6,98.24667568852394,80.43757477387345,sub_stream_3,stream_B,Retail,2023,October
2023-11-01,service_line_6,100.81156729904208,103.88173659825802,sub_stream_3,stream_B,Retail,2023,November
2023-12-01,service_line_6,123.58107181737917,107.43622252384984,sub_stream_3,stream_B,Retail,2023,December
2024-01-01,service_line_6,181.36129417941794,181.36129417941794,sub_stream_3,stream_B,Retail,2024,January
2024-02-01,service_line_6,195.79734064570022,227.48405499730882,sub_stream_3,stream_B,Retail,2024,February
2024-03-01,service_line_6,141.14800749541538,162.35885478287986,sub_stream_3,stream_B,Retail,2024,March
2024-04-01,service_line_6,190.66613106484976,174.2557231551775,sub_stream_3,stream_B,Retail,2024,April
2024-05-01,service_line_6,191.101697511497,194.962207882617,sub_stream_3,stream_B,Retail,2024,May
2024-06-01,service_line_6,164.14695285384664,186.9352089462091,sub_stream_3,stream_B,Retail,2024,June
2024-07-01,service_line_6,148.68626354150177,228.56907727745613,sub_stream_3,stream_B,Retail,2024,July
2024-08-01,service_line_6,146.045967630784,159.7997420204474,sub_stream_3,stream_B,Retail,2024,August
2024-09-01,service_line_6,156.15456449155175,125.31697339211443,sub_stream_3,stream_B,Retail,2024,September
2024-10-01,service_line_6,97.39122601044215,65.28329110278693,sub_stream_3,stream_B,Retail,2024,October
2024-11-01,service_line_6,86.20119836403612,124.79645869707461,sub_stream_3,stream_B,Retail,2024,November
2024-12-01,service_line_6,69.07542878163589,105.1301470435227,sub_stream_3,stream_B,Retail,2024,December
2025-01-01,service_line_6,,60.90823486787964,sub_stream_3,stream_B,Retail,2025,January
2025-02-01,service_line_6,,78.96582161375723,sub_stream_3,stream_B,Retail,2025,February
2025-03-01,service_line_6,,90.8883508672911,sub_stream_3,stream_B,Retail,2025,March
2023-01-01,service_line_7,105.82424748305867,118.12928678815081,sub_stream_4,stream_B,Retail,2023,January
2023-02-01,service_line_7,101.84131060413118,174.7603878505887,sub_stream_4,stream_B,Retail,2023,February
2023-03-01,service_line_7,86.98494794083531,81.10422788487548,sub_stream_4,stream_B,Retail,2023,March
2023-04-01,service_line_7,94.83023310832577,119.35333233175352,sub_stream_4,stream_B,Retail,2023,April
2023-05-01,service_line_7,95.95771360806086,95.95771360806086,sub_stream_4,stream_B,Retail,2023,May
2023-06-01,service_line_7,128.77661485101933,143.75051114612108,sub_stream_4,stream_B,Retail,2023,June
2023-07-01,service_line_7,94.37117018722971,84.54091564159843,sub_stream_4,stream_B,Retail,2023,July
2023-08-01,service_line_7,99.65966169037334,86.63994762758493,sub_stream_4,stream_B,Retail,2023,August
2023-09-01,service_line_7,88.99892734003738,99.34755088404621,sub_stream_4,stream_B,Retail,2023,September
2023-10-01,service_line_7,102.46986523920202,127.68531466099438,sub_stream_4,stream_B,Retail,2023,October
2023-11-01,service_line_7,112.33465845986474,164.26523992521714,sub_stream_4,stream_B,Retail,2023,November
2023-12-01,service_line_7,133.83118125160928,93.370846849369,sub_stream_4,stream_B,Retail,2023,December
2024-01-01,service_line_7,164.95836263121367,203.50551278451658,sub_stream_4,stream_B,Retail,2024,January
2024-02-01,service_line_7,164.13806368371587,130.41320704654441,sub_stream_4,stream_B,Retail,2024,February
2024-03-01,service_line_7,129.83472750035608,144.93165909265082,sub_stream_4,stream_B,Retail,2024,March
2024-04-01,service_line_7,141.0714294977302,181.13930104355836,sub_stream_4,stream_B,Retail,2024,April
2024-05-01,service_line_7,137.0238195142617,139.7918842840341,sub_stream_4,stream_B,Retail,2024,May
2024-06-01,service_line_7,155.15023486927936,105.04553309825046,sub_stream_4,stream_B,Retail,2024,June
2024-07-01,service_line_7,135.6251951566072,113.2836854311543,sub_stream_4,stream_B,Retail,2024,July
2024-08-01,service_line_7,155.07701581675033,140.31948658835003,sub_stream_4,stream_B,Retail,2024,August
2024-09-01,service_line_7,140.44458777155162,124.56317512090571,sub_stream_4,stream_B,Retail,2024,September
2024-10-01,service_line_7,160.57370496178746,157.39413257149442,sub_stream_4,stream_B,Retail,2024,October
2024-11-01,service_line_7,157.58366926664246,159.1674114725085,sub_stream_4,stream_B,Retail,2024,November
2024-12-01,service_line_7,156.3917566975643,125.5073245961697,sub_stream_4,stream_B,Retail,2024,December
2025-01-01,service_line_7,,127.09505227458395,sub_stream_4,stream_B,Retail,2025,January
2025-02-01,service_line_7,,170.76672666467238,sub_stream_4,stream_B,Retail,2025,February
2025-03-01,service_line_7,,152.31436318913524,sub_stream_4,stream_B,Retail,2025,March
2023-01-01,service_line_8,111.46455517867824,73.97347992566338,sub_stream_4,stream_B,Retail,2023,January
2023-02-01,service_line_8,119.04001130016874,125.1433231921427,sub_stream_4,stream_B,Retail,2023,February
2023-03-01,service_line_8,113.2878956925689,144.01714114087812,sub_stream_4,stream_B,Retail,2023,March
2023-04-01,service_line_8,105.04951146756083,101.9448292051472,sub_stream_4,stream_B,Retail,2023,April
2023-05-01,service_line_8,110.66145609689816,99.1343098332195,sub_stream_4,stream_B,Retail,2023,May
2023-06-01,service_line_8,82.24542433769656,105.60521525587095,sub_stream_4,stream_B,Retail,2023,June
2023-07-01,service_line_8,65.9528936046758,56.20134864957384,sub_stream_4,stream_B,Retail,2023,July
2023-08-01,service_line_8,81.73052436364188,97.84920286520219,sub_stream_4,stream_B,Retail,2023,August
2023-09-01,service_line_8,131.17030639752366,135.16503694740024,sub_stream_4,stream_B,Retail,2023,September
2023-10-01,service_line_8,152.4257683240985,246.33138242315994,sub_stream_4,stream_B,Retail,2023,October
2023-11-01,service_line_8,149.80055894402327,177.55932924685314,sub_stream_4,stream_B,Retail,2023,November
2023-12-01,service_line_8,191.00658681527182,183.51711142064454,sub_stream_4,stream_B,Retail,2023,December
2024-01-01,service_line_8,163.96933883014432,190.505192610378,sub_stream_4,stream_B,Retail,2024,January
2024-02-01,service_line_8,175.16472406720416,218.26868667990246,sub_stream_4,stream_B,Retail,2024,February
2024-03-01,service_line_8,235.59882618821538,284.89778577662014,sub_stream_4,stream_B,Retail,2024,March
2024-04-01,service_line_8,241.64897340034145,261.77520780151997,sub_stream_4,stream_B,Retail,2024,April
2024-05-01,service_line_8,273.00740512415894,186.69922879361587,sub_stream_4,stream_B,Retail,2024,May
2024-06-01,service_line_8,299.35895048730174,260.2501689464791,sub_stream_4,stream_B,Retail,2024,June
2024-07-01,service_line_8,233.85992811612795,285.63716122417776,sub_stream_4,stream_B,Retail,2024,July
2024-08-01,service_line_8,313.8394875302105,368.2940503632006,sub_stream_4,stream_B,Retail,2024,August
2024-09-01,service_line_8,295.08466258936005,264.3469135500071,sub_stream_4,stream_B,Retail,2024,September
2024-10-01,service_line_8,319.55274688951505,289.14328242180727,sub_stream_4,stream_B,Retail,2024,October
2024-11-01,service_line_8,369.9255883353073,331.39196955041945,sub_stream_4,stream_B,Retail,2024,November
2024-12-01,service_line_8,304.9097508161382,317.353353805753,sub_stream_4,stream_B,Retail,2024,December
2025-01-01,service_line_8,,256.7924954138559,sub_stream_4,stream_B,Retail,2025,January
2025-02-01,service_line_8,,267.97120495726443,sub_stream_4,stream_B,Retail,2025,February
2025-03-01,service_line_8,,327.30437797766166,sub_stream_4,stream_B,Retail,2025,March
